{
  "backend": "fjall",
  "on_disk_bytes": 67112415,
  "memory": {
    "rss_before_bytes": 14893056,
    "rss_peak_bytes": 20185088,
    "rss_after_bytes": 20185088
  },
  "insert": {
    "operations": 4000,
    "elapsed_ms": 11,
    "elapsed_us": 11842,
    "ops_per_sec": 337771.27207789675
  },
  "full_read": {
    "operations": 4000,
    "elapsed_ms": 1,
    "elapsed_us": 1888,
    "ops_per_sec": 2118578.2763572936
  },
  "partial_get_static": {
    "operations": 4000,
    "elapsed_ms": 1,
    "elapsed_us": 1740,
    "ops_per_sec": 2298607.213007249
  },
  "full_update_static": {
    "operations": 4000,
    "elapsed_ms": 13,
    "elapsed_us": 13417,
    "ops_per_sec": 298124.42508334987
  },
  "partial_update_static": {
    "operations": 4000,
    "elapsed_ms": 12,
    "elapsed_us": 12045,
    "ops_per_sec": 332069.79944470123
  },
  "delete": {
    "operations": 4000,
    "elapsed_ms": 8,
    "elapsed_us": 8722,
    "ops_per_sec": 458558.92378421663
  }
}