{
  "backend": "surrealkv",
  "on_disk_bytes": 808101,
  "memory": {
    "rss_before_bytes": 14925824,
    "rss_peak_bytes": 227147776,
    "rss_after_bytes": 227131392
  },
  "insert": {
    "operations": 4000,
    "elapsed_ms": 15,
    "elapsed_us": 15756,
    "ops_per_sec": 253856.25795986134
  },
  "full_read": {
    "operations": 4000,
    "elapsed_ms": 1,
    "elapsed_us": 1911,
    "ops_per_sec": 2092865.6133741324
  },
  "partial_get_static": {
    "operations": 4000,
    "elapsed_ms": 1,
    "elapsed_us": 1716,
    "ops_per_sec": 2330534.96928485
  },
  "full_update_static": {
    "operations": 4000,
    "elapsed_ms": 16,
    "elapsed_us": 16485,
    "ops_per_sec": 242640.5675193026
  },
  "partial_update_static": {
    "operations": 4000,
    "elapsed_ms": 15,
    "elapsed_us": 15170,
    "ops_per_sec": 263663.1948419991
  },
  "delete": {
    "operations": 4000,
    "elapsed_ms": 12,
    "elapsed_us": 12515,
    "ops_per_sec": 319597.3080310755
  }
}