{
  "backend": "turso",
  "on_disk_bytes": 5099096,
  "memory": {
    "rss_before_bytes": 14794752,
    "rss_peak_bytes": 22593536,
    "rss_after_bytes": 21577728
  },
  "insert": {
    "operations": 4000,
    "elapsed_ms": 225,
    "elapsed_us": 225567,
    "ops_per_sec": 17733.08416363978
  },
  "full_read": {
    "operations": 4000,
    "elapsed_ms": 30,
    "elapsed_us": 30914,
    "ops_per_sec": 129389.59461228747
  },
  "partial_get_static": {
    "operations": 4000,
    "elapsed_ms": 31,
    "elapsed_us": 31334,
    "ops_per_sec": 127652.9988108844
  },
  "full_update_static": {
    "operations": 4000,
    "elapsed_ms": 221,
    "elapsed_us": 221866,
    "ops_per_sec": 18028.855288809264
  },
  "partial_update_static": {
    "operations": 4000,
    "elapsed_ms": 292,
    "elapsed_us": 292649,
    "ops_per_sec": 13668.231881620844
  },
  "delete": {
    "operations": 4000,
    "elapsed_ms": 142,
    "elapsed_us": 142542,
    "ops_per_sec": 28061.86027616093
  }
}